Gene_name,Fold_change,pvalue
Gene1,0.923995587,0.632405642
Gene2,1.039642445,0.59744829
Gene3,0.928196339,0.183141255
Gene4,1.077141482,0.532174894
Gene5,0.86962094,0.34577322
